"Company Location","Rodzaj zatrudnienia","Lokalizacja firmy","Branża","Industry","Company Name","Job Functions","Funkcje","Poziom doświadczenia","Nazwa firmy","Seniority Level","position","Employment Type"
"Seattle, Washington, United States","None","None","None","E-learning Health, Wellness & Fitness","Compete to Create","Customer Service Product Management","None","None","None","Associate","Product Specialist","Full-time",
"San Jose, CA, US","None","None","None","Electrical & Electronic Manufacturing Mechanical Or Industrial Engineering Medical Device","Stryker","Information Technology","None","None","None","Associate","Sr. Master Data Analyst","Full-time",
"Mullica Hill, New Jersey, United States","None","None","None","Staffing & Recruiting Human Resources Marketing & Advertising","Spuhler Associates","Art/Creative Marketing Project Management","None","None","None","Internship","Marketing Intern","Internship",
"Davie, FL, US","None","None","None","Construction Information Technology & Services Financial Services","The Home Depot","Management Manufacturing","None","None","None","Entry level","ASSET PROTECTION SPECIALIST","Full-time",
"Wellesley, MA, US","None","None","None","Insurance Financial Services Hospital & Health Care","Aetna, a CVS Health Company","Engineering Information Technology","None","None","None","Entry level","Data Scientist","Full-time",
"Charlotte, NC, US","None","None","None","Information Technology & Services Banking Financial Services","Wells Fargo","Other","None","None","None","Associate","Employee Relations Consultant","Full-time",
"Santa Ana, CA, US","None","None","None","Information Technology & Services Computer Software Financial Services","Motion Recruitment","Administrative","None","None","None","Entry level","Remote Data Entry Specialist","Full-time",
"Chicago, IL, US","None","None","None","Non-profit Organization Management Insurance Government Administration","State of Illinois","Customer Service Information Technology","None","None","None","Entry level","Corrections Clerk II","Full-time",
"Chicago, IL, US","None","None","None","Non-profit Organization Management Insurance Government Administration","State of Illinois","Customer Service Information Technology","None","None","None","Entry level","Corrections Clerk II","Full-time",
"Salt Lake City, UT, US","None","None","None","Computer Software Retail Financial Services","Extra Space Storage","Other","None","None","None","Internship","Analytics Intern","Part-time",
"Salt Lake City, UT, US","None","None","None","Computer Software Retail Financial Services","Extra Space Storage","Other","None","None","None","Internship","Analytics Intern","Part-time",
"San Francisco, CA, US","None","None","None","Information Services Internet","Google","Other","None","None","None","Internship","People Analytics Manager, Reporting and Insights, Cloud","Full-time",
"San Francisco, CA, US","None","None","None","Information Services Internet","Google","Other","None","None","None","Internship","People Analytics Manager, Reporting and Insights, Cloud","Full-time",
"Los Angeles, CA, US","None","None","None","Banking Financial Services Investment Management","Wedbush Securities Remote","Information Technology","None","None","None","Entry level","Helpdesk Technician (Remote)","Full-time",
"Los Angeles, CA, US","None","None","None","Banking Financial Services Investment Management","Wedbush Securities Remote","Information Technology","None","None","None","Entry level","Helpdesk Technician (Remote)","Full-time",
"Minneapolis, MN, US","None","None","None","Construction Staffing & Recruiting Facilities Services","C&W Services","Customer Service Information Technology","None","None","None","Entry level","Office Services Associate","Full-time",
"Minneapolis, MN, US","None","None","None","Construction Staffing & Recruiting Facilities Services","C&W Services","Customer Service Information Technology","None","None","None","Entry level","Office Services Associate","Full-time",
"Chicago, IL, US","None","None","None","Consumer Goods Market Research Retail","IRI","Other","None","None","None","Entry level","Summer Associate","Full-time",
"Chicago, IL, US","None","None","None","Consumer Goods Market Research Retail","IRI","Other","None","None","None","Entry level","Summer Associate","Full-time",
"Raleigh, NC, US","None","None","None","Computer Software Information Technology & Services","Red Hat","Human Resources","None","None","None","Entry level","Learning and Development Facilitator","Full-time",
"Raleigh, NC, US","None","None","None","Computer Software Information Technology & Services","Red Hat","Human Resources","None","None","None","Entry level","Learning and Development Facilitator","Full-time",
"San Francisco, CA, US","None","None","None","Information Technology & Services","Collabera Inc.","Other","None","None","None","Entry level","Content Curator","Full-time",
"Jonesboro, GA, US","None","None","None","Logistics & Supply Chain","XPO Logistics, Inc.","Customer Service Information Technology","None","None","None","Entry level","Clerk","Full-time",
"Greenville, SC, US","None","None","None","Information Technology & Services","HKA Enterprises","Information Technology","None","None","None","Entry level","Data Scientist","Contract",
"Greenville, SC, US","None","None","None","Information Technology & Services","HKA Enterprises","Information Technology","None","None","None","Entry level","Data Scientist","Contract",
"Lorton, VA, US","None","None","None","Information Technology & Services Defense & Space Computer & Network Security","IOMAXIS","Other","None","None","None","Associate","Governance Lead","Full-time",
"Peoria, IL, US","None","None","None","Construction Machinery","Caterpillar Inc.","Engineering Information Technology","None","None","None","Associate","Data Scientist","Full-time",
"Atlanta, GA, US","None","None","None","Public Safety","UL","Education Training","None","None","None","Associate","Intern","Full-time",
"Lansing, MI, US","None","None","None","Financial Services Insurance","Jackson","Other","None","None","None","Associate","Artificial Intelligence Engineer","Full-time",
"Fife, WA, US","None","None","None","Staffing & Recruiting Human Resources Financial Services","Kelly","Management Manufacturing","None","None","None","Entry level","Packers Needed Urgently","Full-time",
"Somerville, NJ, US","None","None","None","Consumer Goods Food & Beverages","Nestlé","Quality Assurance","None","None","None","Entry level","Q.A. Technician","Full-time",
"Arlington, VA, US","None","None","None","Non-profit Organization Management Research Environmental Services","The Conservation Fund","Education Training","None","None","None","Entry level","Development Assistant","Full-time",
"Pittsburgh, PA, US","None","None","None","Oil & Energy","Williams","Public Relations","None","None","None","Entry level","Community & Project Outreach Specialist","Full-time",
"Pittsburgh, PA, US","None","None","None","Oil & Energy","Williams","Public Relations","None","None","None","Entry level","Community & Project Outreach Specialist","Full-time",
"Austin, TX, US","None","None","None","Information Technology & Services Staffing & Recruiting Financial Services","Our Work For Client","Administrative","None","None","None","Entry level","Administrative Assistant","Full-time",
"Austin, TX, US","None","None","None","Information Technology & Services Staffing & Recruiting Financial Services","Our Work For Client","Administrative","None","None","None","Entry level","Administrative Assistant","Full-time",
"San Francisco, CA, US","None","None","None","Information Technology & Services Computer Software Internet","NS8 Inc","Engineering Information Technology","None","None","None","Entry level","Data Scientist","Full-time",
"San Francisco, CA, US","None","None","None","Information Technology & Services Computer Software Internet","NS8 Inc","Engineering Information Technology","None","None","None","Entry level","Data Scientist","Full-time",
"Remote, OR, US","None","None","None","Construction Machinery Food Production","Michigan Sugar Company","Research Analyst Information Technology","None","None","None","Entry level","Research Scientist","Full-time",
"Remote, OR, US","None","None","None","Construction Machinery Food Production","Michigan Sugar Company","Research Analyst Information Technology","None","None","None","Entry level","Research Scientist","Full-time",
"Baltimore, MD, US","None","None","None","Construction Civil Engineering Government Administration","Louis Berger","Research Analyst Information Technology","None","None","None","Entry level","Laboratory Technician","Full-time",
"Baltimore, MD, US","None","None","None","Construction Civil Engineering Government Administration","Louis Berger","Research Analyst Information Technology","None","None","None","Entry level","Laboratory Technician","Full-time",
"Dallas, TX, US","None","None","None","Sports Entertainment Hospitality","Legends","Administrative","None","None","None","Entry level","Office Clerk","Full-time",
"Dallas, TX, US","None","None","None","Sports Entertainment Hospitality","Legends","Administrative","None","None","None","Entry level","Office Clerk","Full-time",
"San Francisco, CA, US","None","None","None","Higher Education Staffing & Recruiting Government Administration","University of San Francisco","Education Training","None","None","None","Internship","Student Assistant Lab SA","Part-time",
"Indianapolis, IN, US","None","None","None","Health, Wellness & Fitness Medical Practice Hospital & Health Care","Heart to Heart Hospice","Administrative","None","None","None","Associate","Receptionist","Full-time",
"Indianapolis, IN, US","None","None","None","Health, Wellness & Fitness Medical Practice Hospital & Health Care","Heart to Heart Hospice","Administrative","None","None","None","Associate","Receptionist","Full-time",
"Bloomfield Hills, MI, US","None","None","None","Construction Civil Engineering Real Estate","Edward Rose & Sons","Education Training","None","None","None","Internship","Intern","Internship",
"Bloomfield Hills, MI, US","None","None","None","Construction Civil Engineering Real Estate","Edward Rose & Sons","Education Training","None","None","None","Internship","Intern","Internship",
"Cincinnati, OH, US","None","None","None","Electrical & Electronic Manufacturing Industrial Automation Mechanical Or Industrial Engineering","Jedson Engineering","Management Manufacturing","None","None","None","Internship","Process Engineer (Multiple Levels)","Full-time",
"Houston, TX, US","None","None","None","Construction Aviation & Aerospace Airlines/Aviation","PETER SIU","Other","None","None","None","Entry level","Contract A&P Mechanics Needed- Immediate Openings!","Contract",
"Weymouth, MA, US","None","None","None","Non-profit Organization Management Health, Wellness & Fitness Hospital & Health Care","South Shore Health","Other","None","None","None","Entry level","Nutrition Coordinator","Part-time",
"Irving, TX, US","None","None","None","Insurance Financial Services Hospital & Health Care","WebTPA Remote","Customer Service Information Technology","None","None","None","Entry level","Customer Service Representative - Work From Home - Part Time","Full-time",
"Beavercreek, OH, US","None","None","None","Defense & Space Information Technology & Services Renewables & Environment","Leidos","Other","None","None","None","Mid-Senior level","Artificial Intelligence-based Autonomous Systems Lead","Full-time",
"Phoenix, AZ, US","None","None","None","Construction Environmental Services Transportation/Trucking/Railroad","Waste Management","Customer Service Information Technology","None","None","None","Mid-Senior level","Customer Service Rep I","Full-time",
"Winston-Salem, NC, US","None","None","None","Health, Wellness & Fitness Medical Practice Hospital & Health Care","Novant Health","Education Training","None","None","None","Entry level","Student Programs Coordinator","Internship",
"Houston, TX, US","None","None","None","Construction Oil & Energy Transportation/Trucking/Railroad","trigas","Research Analyst Information Technology","None","None","None","Entry level","Lab Technician","Full-time",
"Houston, TX, US","None","None","None","Construction Oil & Energy Transportation/Trucking/Railroad","trigas","Research Analyst Information Technology","None","None","None","Entry level","Lab Technician","Full-time",
"Houston, TX, US","None","None","None","Construction Oil & Energy Transportation/Trucking/Railroad","trigas","Research Analyst Information Technology","None","None","None","Entry level","Lab Technician","Full-time",
"Longview, TX, US","None","None","None","Electrical & Electronic Manufacturing Construction Telecommunications","EasTex Tower, Inc.","Administrative","None","None","None","Entry level","Administrative Assistant","Full-time",
"Los Angeles, CA, US","None","None","None","Financial Services Health, Wellness & Fitness Hospital & Health Care","Kaiser Permanente","Information Technology","None","None","None","Entry level","IT Support Technician","Full-time",
"Memphis, TN, US","None","None","None","Banking Financial Services Retail","First Horizon Bank","Sales Administrative Customer Service","None","None","None","Entry level","Teller","Full-time",
"Memphis, TN, US","None","None","None","Banking Financial Services Retail","First Horizon Bank","Sales Administrative Customer Service","None","None","None","Entry level","Teller","Full-time",
"Seminole, OK, US","None","None","None","Oil & Energy","Energy Transfer","Other","None","None","None","Entry level","I&E Tech","Full-time",
"Seminole, OK, US","None","None","None","Oil & Energy","Energy Transfer","Other","None","None","None","Entry level","I&E Tech","Full-time",
"West Covina, CA, US","None","None","None","Automotive Chemicals Business Supplies & Equipment","thelabrat.com","Other","None","None","None","Entry level","Scribe","Full-time",
"West Covina, CA, US","None","None","None","Automotive Chemicals Business Supplies & Equipment","thelabrat.com","Other","None","None","None","Entry level","Scribe","Full-time",
"Byron, IL, US","None","None","None","Construction Oil & Energy Financial Services","Exelon","Engineering Information Technology","None","None","None","Entry level","Engineer 1","Full-time",
"Byron, IL, US","None","None","None","Construction Oil & Energy Financial Services","Exelon","Engineering Information Technology","None","None","None","Entry level","Engineer 1","Full-time",
"Martinez, CA, US","None","None","None","Oil & Energy","Marathon Petroleum Corporation","Research Analyst Information Technology","None","None","None","Entry level","Laboratory Analyst","Full-time",
"Martinez, CA, US","None","None","None","Oil & Energy","Marathon Petroleum Corporation","Research Analyst Information Technology","None","None","None","Entry level","Laboratory Analyst","Full-time",
"Denver, CO, US","None","None","None","Telecommunications","Frontline Group Remote","Customer Service Information Technology","None","None","None","Associate","Customer Service Representative - Remote","Full-time",
"Tampa, FL, US","None","None","None","Information Technology & Services Computer Software Consumer Services","Omni Interactions, Inc. Remote","Human Resources","None","None","None","Entry level","Work at Home HR Support Representative","Contract",
"Tampa, FL, US","None","None","None","Information Technology & Services Computer Software Consumer Services","Omni Interactions, Inc. Remote","Human Resources","None","None","None","Entry level","Work at Home HR Support Representative","Contract",
"Bellingham, WA, US","None","None","None","Food & Beverages Consumer Goods Retail","Fred Meyer","Management Manufacturing","None","None","None","Entry level","Asset Protection Specialist","Full-time",
"Vancouver, WA, US","None","None","None","Information Technology & Services Computer Software Consumer Goods","Nautilus Inc.","Project Management Information Technology","None","None","None","Entry level","Operations Coordinator","Full-time",
"Morrisville, NC, US","None","None","None","Computer Software Marketing & Advertising Online Media","Valassis","Education Training","None","None","None","Internship","Visual Design Intern","Full-time",
"Princeton, NJ, US","None","None","None","Non-profit Organization Management Higher Education Hospital & Health Care","Princeton University","Engineering","None","None","None","Entry level","CAD Group Head","Full-time",
"New York City, NY, US","None","None","None","Financial Services","Michael Page","Administrative","None","None","None","Associate","Receptionist","Full-time",
"Charlotte, NC, US","None","None","None","Information Technology & Services Computer Software Financial Services","Executive Technocrats Inc","Engineering Information Technology","None","None","None","Entry level","Data Scientist -Charlotte","Full-time",
"Austin, TX, US","None","None","None","Consumer Goods Hospital & Health Care Medical Device","DJO","Product Management Marketing","None","None","None","Entry level","Associate Product Manager","Full-time",
"Saint Petersburg, FL, US","None","None","None","Hospital & Health Care Hospitality Management Consulting","Greystone Health Network","Other","None","None","None","Associate","MDS Coordinator","Full-time",
"Cincinnati, OH, US","None","None","None","Marketing & Advertising Consumer Goods Retail","Shoot Point Blank","Marketing Sales","None","None","None","Associate","Marketing Coordinator","Full-time",
"Cincinnati, OH, US","None","None","None","Marketing & Advertising Consumer Goods Retail","Shoot Point Blank","Marketing Sales","None","None","None","Associate","Marketing Coordinator","Full-time",
"McLean, VA, US","None","None","None","Information Technology & Services Computer Software Financial Services","SV Professionals Remote","Administrative","None","None","None","Entry level","Loan Processing Assistant Remote","Full-time",
"McLean, VA, US","None","None","None","Information Technology & Services Computer Software Financial Services","SV Professionals Remote","Administrative","None","None","None","Entry level","Loan Processing Assistant Remote","Full-time",
"West, TX, US","None","None","None","Non-profit Organization Management Individual & Family Services Hospital & Health Care","Thomas Allen, Inc","Other","None","None","None","Associate","Community Living Adviser","Part-time",
"West, TX, US","None","None","None","Non-profit Organization Management Individual & Family Services Hospital & Health Care","Thomas Allen, Inc","Other","None","None","None","Associate","Community Living Adviser","Part-time",
"San Francisco, CA, US","None","None","None","Information Technology & Services Computer Software Internet","Mythri Consulting LLC","Administrative","None","None","None","Entry level","Tableau Admin -San Francisco","Full-time",
"San Francisco, CA, US","None","None","None","Information Technology & Services Computer Software Internet","Mythri Consulting LLC","Administrative","None","None","None","Entry level","Tableau Admin -San Francisco","Full-time",
"Centennial, CO, US","None","None","None","Health, Wellness & Fitness Hospital & Health Care Pharmaceuticals","Amerita, Inc","Other","None","None","None","Entry level","Intake Coordinator - CO8313846","Full-time",
"Centennial, CO, US","None","None","None","Health, Wellness & Fitness Hospital & Health Care Pharmaceuticals","Amerita, Inc","Other","None","None","None","Entry level","Intake Coordinator - CO8313846","Full-time",
"Palo Alto, CA, US","None","None","None","Computer Software Information Technology & Services Management Consulting","SAP","Marketing","None","None","None","Entry level","Intern, Visual Design Job","Full-time",
"Palo Alto, CA, US","None","None","None","Computer Software Information Technology & Services Management Consulting","SAP","Marketing","None","None","None","Entry level","Intern, Visual Design Job","Full-time",
"Chicago, IL, US","None","None","None","Staffing & Recruiting","The Chicago School of Professional Psychology","Education Training","None","None","None","Associate","Admissions Counselor","Full-time",
"Chicago, IL, US","None","None","None","Staffing & Recruiting","The Chicago School of Professional Psychology","Education Training","None","None","None","Associate","Admissions Counselor","Full-time",
"Cincinnati, Ohio, United States","None","None","None","Information Technology & Services","CBTS","Information Technology","None","None","None","Mid-Senior level","Project Coordinator","Full-time",
"Cincinnati, Ohio, United States","None","None","None","Information Technology & Services","CBTS","Information Technology","None","None","None","Mid-Senior level","Project Coordinator","Full-time",
"Plano, TX, US","None","None","None","Financial Services Information Technology & Services","USAA","Information Technology","None","None","None","Mid-Senior level","Data Engineer (Multiple Levels)","Full-time",
"Somerville, NJ, US","None","None","None","Health, Wellness & Fitness Medical Practice Hospital & Health Care","RWJ Corporation","Administrative","None","None","None","Entry level","UNIT CLERK","Full-time",
"Hatfield, MA, US","None","None","None","Defense & Space Food & Beverages Wholesale","C&S Wholesale Grocers","Administrative","None","None","None","Entry level","Office Clerk","Full-time",
"New Orleans, LA, US","None","None","None","Health, Wellness & Fitness Medical Practice Hospital & Health Care","New Orleans Cuisine Ent","Health Care Provider","None","None","None","Entry level","Referral Specialist","Full-time",
"Myrtle Point, OR, US","None","None","None","Banking Financial Services","Umpqua Bank","Finance Sales","None","None","None","Entry level","Relationship Banker","Full-time",
"Tavares, FL, US","None","None","None","Information Technology & Services Human Resources Outsourcing/Offshoring","AdventHealth","Other","None","None","None","Entry level","Environmental Services Associate Full Time","Full-time",
"Vancouver, WA, US","None","None","None","Construction Food & Beverages Retail","WinCo Foods","Sales Business Development","None","None","None","Entry level","Variety Stocker","Full-time",
"Kansas City, KS, US","None","None","None","Hospital & Health Care Mental Health Care Medical Practice","The University of Kansas Health System","Health Care Provider","None","None","None","Entry level","Unit Coordinator","Full-time",
"Berkeley Heights, NJ, US","None","None","None","Marketing & Advertising Information Technology & Services Hospital & Health Care","EVERSANA","Business Development Sales","None","None","None","Executive","SVP Client Services","Full-time",
"Berkeley Heights, NJ, US","None","None","None","Marketing & Advertising Information Technology & Services Hospital & Health Care","EVERSANA","Business Development Sales","None","None","None","Executive","SVP Client Services","Full-time",
"Summit, NJ, US","None","None","None","Pharmaceuticals Research","The Execu|Search Group","Research Science","None","None","None","Associate","Customer Service Representative","Contract",
"Summit, NJ, US","None","None","None","Pharmaceuticals Research","The Execu|Search Group","Research Science","None","None","None","Associate","Customer Service Representative","Contract",
"Boston, MA, US","None","None","None","Information Technology & Services Computer Software Management Consulting","Provish Consulting","Engineering Information Technology","None","None","None","Entry level","DATA SCIENTIST (Junior TO Mid-Level) - BOSTON, MA -Boston","Full-time",
"Boston, MA, US","None","None","None","Information Technology & Services Computer Software Management Consulting","Provish Consulting","Engineering Information Technology","None","None","None","Entry level","DATA SCIENTIST (Junior TO Mid-Level) - BOSTON, MA -Boston","Full-time",
"New York, United States","None","None","None","Computer Software Information Technology & Services Marketing & Advertising","Finlay James","Customer Service Information Technology Sales","None","None","None","Mid-Senior level","Customer Success Manager","Full-time",
"Pasadena, TX, US","None","None","None","Staffing & Recruiting Financial Services Hospital & Health Care","DaVita Kidney Care","Administrative","None","None","None","Entry level","Administrative Assistant","Part-time",
"Pasadena, TX, US","None","None","None","Staffing & Recruiting Financial Services Hospital & Health Care","DaVita Kidney Care","Administrative","None","None","None","Entry level","Administrative Assistant","Part-time",
"Oakland, CA, US","None","None","None","Insurance","Delta Dental Ins.","Accounting/Auditing Finance","None","None","None","Associate","Internal Auditor","Full-time",
"Oakland, CA, US","None","None","None","Insurance","Delta Dental Ins.","Accounting/Auditing Finance","None","None","None","Associate","Internal Auditor","Full-time",
"New York City, NY, US","None","None","None","Marketing & Advertising Non-profit Organization Management Financial Services","Young Life","Administrative","None","None","None","Entry level","Area Office Administrator I","Full-time",
"New York City, NY, US","None","None","None","Marketing & Advertising Non-profit Organization Management Financial Services","Young Life","Administrative","None","None","None","Entry level","Area Office Administrator I","Full-time",
"Franklin, VA, US","None","None","None","Construction Oil & Energy Financial Services","Enviva","Quality Assurance","None","None","None","Entry level","Quality Technician","Full-time",
"Franklin, VA, US","None","None","None","Construction Oil & Energy Financial Services","Enviva","Quality Assurance","None","None","None","Entry level","Quality Technician","Full-time",
"Evergreen, CO, US","None","None","None","Information Technology & Services Computer Software Financial Services","Life Care","Administrative","None","None","None","Associate","Receptionist Essential Employee/ Potential for future FT","Full-time",
"Evergreen, CO, US","None","None","None","Information Technology & Services Computer Software Financial Services","Life Care","Administrative","None","None","None","Associate","Receptionist Essential Employee/ Potential for future FT","Full-time",
"Kennesaw, GA, US","None","None","None","Medical Device Hospital & Health Care Pharmaceuticals","CryoLife, Inc.","Human Resources","None","None","None","Entry level","Talent Development Specialist","Full-time",
"Belleville, NJ, US","None","None","None","Staffing & Recruiting","MotorcycleIndustryJobs.com","Engineering Information Technology","None","None","None","Entry level","Entry Level Technician","Full-time",
"Boston, MA, US","None","None","None","E-learning Higher Education Publishing","Cengage","Finance Sales","None","None","None","Entry level","Financial Analyst","Full-time",
"Lake City, FL, US","None","None","None","Staffing & Recruiting Health, Wellness & Fitness Hospital & Health Care","Spot On Recruiting, Inc","Other","None","None","None","Entry level","Infectious Disease","Full-time",
"San Francisco, CA, US","None","None","None","Construction Information Technology & Services Financial Services","Pacific Gas and Electric Company","Information Technology","None","None","None","Associate","ODN Systems Administrator","Full-time",
"New York City, NY, US","None","None","None","Information Technology & Services Financial Services Investment Management","BlueCrest Capital Management","Finance Sales","None","None","None","Entry level","Compliance Associate","Full-time",
"Upper Sandusky, OH, US","None","None","None","Electrical & Electronic Manufacturing Automotive Mechanical Or Industrial Engineering","Kasai North America, Inc","Other","None","None","None","Entry level","Program Coordinator","Full-time",
"Ohio, OH, US","None","None","None","Marketing & Advertising Online Media Publishing","Babcox Media","Marketing Public Relations Writing/Editing","None","None","None","Entry level","Associate Editor","Full-time",
"Boca Raton, FL, US","None","None","None","Information Technology & Services Computer Software Staffing & Recruiting","Cutting Edge Recruiting Solutions","Education Training","None","None","None","Associate","Virtual Trainer","Full-time",
"Boca Raton, FL, US","None","None","None","Information Technology & Services Computer Software Staffing & Recruiting","Cutting Edge Recruiting Solutions","Education Training","None","None","None","Associate","Virtual Trainer","Full-time",
"Sugar Land, TX, US","None","None","None","Food & Beverages Food Production Retail","H-E-B","Customer Service Information Technology","None","None","None","Entry level","Customer Service Assistant","Part-time",
"Sugar Land, TX, US","None","None","None","Food & Beverages Food Production Retail","H-E-B","Customer Service Information Technology","None","None","None","Entry level","Customer Service Assistant","Part-time",
"Albany, NY, US","None","None","None","Construction Government Administration Hospital & Health Care","New York State Department of Civil Service","Finance Sales","None","None","None","Associate","Budget Fellow - US and NYS Macroeconomist","Full-time",
"Mason, OH, US","None","None","None","Information Technology & Services Computer Software Financial Services","Data Wave International","Other","None","None","None","Entry level","VMware Administrator -Mason","Full-time",
"Romulus, MI, US","None","None","None","Logistics & Supply Chain Automotive Transportation/Trucking/Railroad","Universal Logistics Holdings, Inc.","Management Manufacturing","None","None","None","Entry level","Logistics Coordinator","Part-time",
"Romulus, MI, US","None","None","None","Logistics & Supply Chain Automotive Transportation/Trucking/Railroad","Universal Logistics Holdings, Inc.","Management Manufacturing","None","None","None","Entry level","Logistics Coordinator","Part-time",
"Santa Barbara, CA, US","None","None","None","Information Technology & Services Computer Software Internet","HG Insights","Engineering Information Technology","None","None","None","Entry level","Data Scientist","Full-time",
"Santa Barbara, CA, US","None","None","None","Information Technology & Services Computer Software Internet","HG Insights","Engineering Information Technology","None","None","None","Entry level","Data Scientist","Full-time",
"College Station, TX, US","None","None","None","Non-profit Organization Management Health, Wellness & Fitness Hospital & Health Care","AccentCare, Inc.","Business Development Sales","None","None","None","Entry level","Client Service Coordinator - Homecare","Full-time",
"College Station, TX, US","None","None","None","Non-profit Organization Management Health, Wellness & Fitness Hospital & Health Care","AccentCare, Inc.","Business Development Sales","None","None","None","Entry level","Client Service Coordinator - Homecare","Full-time",
"Meridian, MS, US","None","None","None","Non-profit Organization Management Government Administration Hospital & Health Care","Management & Training Corporation","Customer Service Information Technology","None","None","None","Entry level","CLERK","Full-time",
"Meridian, MS, US","None","None","None","Non-profit Organization Management Government Administration Hospital & Health Care","Management & Training Corporation","Customer Service Information Technology","None","None","None","Entry level","CLERK","Full-time",
"Folsom, CA, US","None","None","None","Electrical & Electronic Manufacturing Information Technology & Services Computer Software","Intel Corporation","Education Training","None","None","None","Internship","JR0133088 - Hardware Intern","Internship",
"Folsom, CA, US","None","None","None","Electrical & Electronic Manufacturing Information Technology & Services Computer Software","Intel Corporation","Education Training","None","None","None","Internship","JR0133088 - Hardware Intern","Internship",
"Jacksonville, FL, US","None","None","None","Banking Financial Services Investment Banking","Macquarie Group","Other","None","None","None","Internship","Employee Compliance Associate/Analyst","Full-time",
"Houston, TX, US","None","None","None","Construction Insurance Real Estate","Gehan Homes","Management Manufacturing","None","None","None","Entry level","Assistant Superintendent","Full-time",
"Midland, GA, US","None","None","None","Food & Beverages Food Production Retail","SpartanNash","Management Manufacturing","None","None","None","Entry level","Inventory Control Clerk","Full-time",
"Boston, MA, US","None","None","None","Computer Software Internet Financial Services","FINTRX","Business Development Sales","None","None","None","Entry level","Business Development Associate","Full-time",
"Anaheim, CA, US","None","None","None","Banking Insurance Financial Services","LOBEL FINANCIAL","Accounting/Auditing Finance","None","None","None","Entry level","Collection Specialist","Full-time",
"Bedford, NY, US","None","None","None","Marketing & Advertising Non-profit Organization Management Financial Services","Vera Institute of Justice","Other","None","None","None","Associate","Case Manager","Full-time",
"Waltham, MA, US","None","None","None","Information Technology & Services Computer Software Financial Services","MSRCosmos LLC","Information Technology","None","None","None","Entry level","Data Engineer","Full-time",
"Bismarck, ND, US","None","None","None","Information Technology & Services Insurance Financial Services","EMC Insurance Companies","Finance Sales","None","None","None","Entry level","Claims Representative","Full-time",
"Farmington, CT, US","None","None","None","Staffing & Recruiting Financial Services Hospital & Health Care","HumanEdge","Other","None","None","None","Associate","EPIC Consultant","Contract",
"Reynoldsburg, OH, US","None","None","None","Apparel & Fashion Retail","Mast Global","Project Management Strategy/Planning","None","None","None","Associate","Associate Project Planner","Full-time",
"Reynoldsburg, OH, US","None","None","None","Apparel & Fashion Retail","Mast Global","Project Management Strategy/Planning","None","None","None","Associate","Associate Project Planner","Full-time",
"Seattle, Washington, United States","None","None","None","E-learning Health, Wellness & Fitness","Compete to Create","Customer Service Product Management","None","None","None","Associate","Product Specialist","Full-time",
"Seattle, Washington, United States","None","None","None","E-learning Health, Wellness & Fitness","Compete to Create","Customer Service Product Management","None","None","None","Associate","Product Specialist","Full-time",
"Carson, CA, US","None","None","None","Environmental Services Oil & Energy","Clean Harbors","Other","None","None","None","Entry level","General Laborers","Full-time",
"Carson, CA, US","None","None","None","Environmental Services Oil & Energy","Clean Harbors","Other","None","None","None","Entry level","General Laborers","Full-time",
"Jackson, NJ, US","None","None","None","Information Technology & Services Computer Software Internet","Precision Technologies Corp.","Information Technology","None","None","None","Entry level","Data Analyst","Full-time",
"Naperville, IL, US","None","None","None","Construction Oil & Energy Utilities","Southern Company","Engineering Information Technology","None","None","None","Entry level","Engineer","Full-time",
"Naperville, IL, US","None","None","None","Construction Oil & Energy Utilities","Southern Company","Engineering Information Technology","None","None","None","Entry level","Engineer","Full-time",
"Columbia, SC, US","None","None","None","Hospital & Health Care","Palmetto Health","Research Analyst Information Technology","None","None","None","Associate","Medical Lab Scientist Specialist - Kershaw Health","Full-time",
"Columbia, SC, US","None","None","None","Hospital & Health Care","Palmetto Health","Research Analyst Information Technology","None","None","None","Associate","Medical Lab Scientist Specialist - Kershaw Health","Full-time",
"Baltimore, MD, US","None","None","None","Non-profit Organization Management Government Administration Hospital & Health Care","State of Maryland","Human Resources","None","None","None","Entry level","HR OFFICER I","Full-time",
"Baltimore, MD, US","None","None","None","Non-profit Organization Management Government Administration Hospital & Health Care","State of Maryland","Human Resources","None","None","None","Entry level","HR OFFICER I","Full-time",
"Boston, MA, US","None","None","None","Staffing & Recruiting Retail Financial Services","Atrium","Administrative","None","None","None","Entry level","Administrative Assistant","Full-time",
"Boston, MA, US","None","None","None","Staffing & Recruiting Retail Financial Services","Atrium","Administrative","None","None","None","Entry level","Administrative Assistant","Full-time",
"McLean, VA, US","None","None","None","Information Technology & Services Defense & Space Aviation & Aerospace","Northrop Grumman","Information Technology","None","None","None","Associate","Systems Administrator","Full-time",
"McLean, VA, US","None","None","None","Information Technology & Services Defense & Space Aviation & Aerospace","Northrop Grumman","Information Technology","None","None","None","Associate","Systems Administrator","Full-time",
"Salina, KS, US","None","None","None","Health, Wellness & Fitness Medical Practice Hospital & Health Care","Salina Regional Health Center","Administrative","None","None","None","Associate","RECEPTIONIST","Full-time",
"Salina, KS, US","None","None","None","Electrical & Electronic Manufacturing Hospital & Health Care","Company Location","Engineering Information Technology","None","None","None","Associate","Staff Enterprise Application Engineer (Oracle EBS Finance)","Full-time",
"Salina, KS, US","Pełny etat","San Francisco, CA, US","Odzież i moda Internet Sprzedaż detaliczna","Electrical & Electronic Manufacturing Hospital & Health Care","Company Location","Engineering Information Technology","Technologie informatyczne Inżynieria","Partner","Stitch Fix","Associate","Incident Response Lead Engineer","Full-time",
"Salina, KS, US","Pełny etat","San Francisco, CA, US","Technologie i usługi informatyczne Oprogramowanie komputerowe Motoryzacja","Electrical & Electronic Manufacturing Hospital & Health Care","Company Location","Engineering Information Technology","Inżynieria Technologie informatyczne","Kadra średniego szczebla","Cruise","Associate","Senior Software Engineer - Vehicle Communications (Fullstack)","Full-time",
"Salina, KS, US","Pełny etat","Los Angeles, CA, US","Oprogramowanie komputerowe Technologie i usługi informatyczne Internet","Electrical & Electronic Manufacturing Hospital & Health Care","Company Location","Engineering Information Technology","Technologie informatyczne","Nie dotyczy","HIRECLOUT","Associate","Java/MySQL Database Developer","Full-time",
"Salina, KS, US","Pełny etat","Dallas, TX, US","Technologie i usługi informatyczne Oprogramowanie komputerowe Usługi finansowe","Electrical & Electronic Manufacturing Hospital & Health Care","Company Location","Engineering Information Technology","Inżynieria Technologie informatyczne","Początkujący","Saksoft","Associate","React Native Developer- Apply now!","Full-time",
"Salina, KS, US","Pełny etat","Chicago, IL, US","Technologie i usługi informatyczne Oprogramowanie komputerowe Kadry i rekrutacja","Electrical & Electronic Manufacturing Hospital & Health Care","Company Location","Engineering Information Technology","Inne","Początkujący","Diskriter Inc.","Associate","DevOps Engineer with Azure","Full-time",
"Salina, KS, US","Pełny etat","Atlanta, GA, US","Technologie i usługi informatyczne Oprogramowanie komputerowe Usługi finansowe","Electrical & Electronic Manufacturing Hospital & Health Care","Company Location","Engineering Information Technology","Inżynieria Technologie informatyczne","Początkujący","Amiga Informatics","Associate","Big Data Developer -Atlanta","Full-time",
"Salina, KS, US","Pełny etat","Redmond, WA, US","Technologie i usługi informatyczne Oprogramowanie komputerowe Internet","Electrical & Electronic Manufacturing Hospital & Health Care","Company Location","Engineering Information Technology","Inżynieria Technologie informatyczne","Początkujący","TIMBER IT Consulting","Associate","Software Engineer, C++","Full-time",
"Salina, KS, US","Pełny etat","Tualatin, OR, US","Energia odnawialna i środowisko Produkcja urządzeń elektrycznych i elektronicznych Budownictwo","Electrical & Electronic Manufacturing Hospital & Health Care","Company Location","Engineering Information Technology","Inżynieria Technologie informatyczne","Początkujący","Powin Energy","Associate","Java Developer- Apply now!","Full-time",
"Salina, KS, US","Pełny etat","New York City, NY, US","Technologie i usługi informatyczne Oprogramowanie komputerowe Usługi finansowe","Electrical & Electronic Manufacturing Hospital & Health Care","Company Location","Engineering Information Technology","Technologie informatyczne","Początkujący","Nexzen Solutions Pvt Ltd","Associate","Need Data Analytics Who can join Immediate","Full-time",
"Salina, KS, US","Pełny etat","West Reading, PA, US","Zdrowie, wellness i fitness Praktyka medyczna Szpitale i opieka zdrowotna","Electrical & Electronic Manufacturing Hospital & Health Care","Company Location","Engineering Information Technology","Inżynieria Technologie informatyczne","Początkujący","Tower Health","Associate","Front End Drupal Developer","Full-time",
"Salina, KS, US","Pełny etat","Whittier, CA, US","Budownictwo Usługi konsumenckie Nieruchomości","Electrical & Electronic Manufacturing Hospital & Health Care","Company Location","Engineering Information Technology","Inżynieria Technologie informatyczne","Początkujący","Lifetime Solutions","Associate","Water Tester","Full-time",
"Salina, KS, US","Pełny etat","Whittier, CA, US","Budownictwo Usługi konsumenckie Nieruchomości","Electrical & Electronic Manufacturing Hospital & Health Care","Company Location","Engineering Information Technology","Inżynieria Technologie informatyczne","Początkujący","Lifetime Solutions","Associate","Water Tester","Full-time",
"Salina, KS, US","Pełny etat","Huntsville, AL, US","Technologie i usługi informatyczne Systemy obronne i badanie kosmosu Oprogramowanie komputerowe","Electrical & Electronic Manufacturing Hospital & Health Care","Company Location","Engineering Information Technology","Inżynieria Technologie informatyczne","Początkujący","Cepeda Systems & Software Analysis, Inc.","Associate","Software Engineer","Full-time",
"Salina, KS, US","Pełny etat","Iselin, NJ, US","Technologie i usługi informatyczne Oprogramowanie komputerowe Kadry i rekrutacja","Electrical & Electronic Manufacturing Hospital & Health Care","Company Location","Engineering Information Technology","Inżynieria Technologie informatyczne","Początkujący","Pull Skill Technologies Inc.","Associate","Mendix Developer- Apply now!","Full-time",
"Salina, KS, US","Pełny etat","Iselin, NJ, US","Technologie i usługi informatyczne Oprogramowanie komputerowe Kadry i rekrutacja","Electrical & Electronic Manufacturing Hospital & Health Care","Company Location","Engineering Information Technology","Inżynieria Technologie informatyczne","Początkujący","Pull Skill Technologies Inc.","Associate","Mendix Developer- Apply now!","Full-time",
"Salina, KS, US","Pełny etat","Denver, CO, US","Technologie i usługi informatyczne Oprogramowanie komputerowe Usługi finansowe","Electrical & Electronic Manufacturing Hospital & Health Care","Company Location","Engineering Information Technology","Inżynieria Technologie informatyczne","Początkujący","Avancer Corporation","Associate","Full-Stack Java Developer- Apply now!","Full-time",
"Salina, KS, US","Pełny etat","Portland, OR, US","Technologie i usługi informatyczne Oprogramowanie komputerowe Internet","Electrical & Electronic Manufacturing Hospital & Health Care","Company Location","Engineering Information Technology","Inżynieria Technologie informatyczne","Partner","OpenSesame","Associate","Senior Front End Software Engineer (Simon Product)","Full-time",
"Salina, KS, US","Pełny etat","Portland, OR, US","Technologie i usługi informatyczne Oprogramowanie komputerowe Internet","Electrical & Electronic Manufacturing Hospital & Health Care","Company Location","Engineering Information Technology","Inżynieria Technologie informatyczne","Partner","OpenSesame","Associate","Senior Front End Software Engineer (Simon Product)","Full-time",
"Salina, KS, US","Pełny etat","Draper, UT, US","Technologie i usługi informatyczne Oprogramowanie komputerowe Internet","Electrical & Electronic Manufacturing Hospital & Health Care","Company Location","Engineering Information Technology","Inżynieria Technologie informatyczne","Partner","HealthEquity","Associate","Sr. Testing Automation Engineer","Full-time",
"Salina, KS, US","Pełny etat","Dallas, TX, US","Zarządzanie edukacją","Electrical & Electronic Manufacturing Hospital & Health Care","Company Location","Engineering Information Technology","Inżynieria Technologie informatyczne","Początkujący","Dallas Independent School District","Associate","Developer II (226 Days) Anticipated","Full-time",
"Salina, KS, US","Pełny etat","Dallas, TX, US","Zarządzanie edukacją","Electrical & Electronic Manufacturing Hospital & Health Care","Company Location","Engineering Information Technology","Inżynieria Technologie informatyczne","Początkujący","Dallas Independent School District","Associate","Developer II (226 Days) Anticipated","Full-time",
"Salina, KS, US","Zlecenie","Des Moines, IA, US","Technologie i usługi informatyczne Oprogramowanie komputerowe Kadry i rekrutacja","Electrical & Electronic Manufacturing Hospital & Health Care","Company Location","Engineering Information Technology","Inżynieria Technologie informatyczne","Partner","Vastika Inc","Associate","Sr Lead React Developer- Apply now!","Full-time",
"Salina, KS, US","Pełny etat","Columbus, OH, US","Technologie i usługi informatyczne Oprogramowanie komputerowe Konsulting – zarządzanie","Electrical & Electronic Manufacturing Hospital & Health Care","Company Location","Engineering Information Technology","Inżynieria Technologie informatyczne","Początkujący","iSOFT","Associate","Workday Developer- Apply now!","Full-time",
"Salina, KS, US","Pełny etat","Columbus, OH, US","Technologie i usługi informatyczne Oprogramowanie komputerowe Konsulting – zarządzanie","Electrical & Electronic Manufacturing Hospital & Health Care","Company Location","Engineering Information Technology","Inżynieria Technologie informatyczne","Początkujący","iSOFT","Associate","Workday Developer- Apply now!","Full-time",
"Salina, KS, US","Pełny etat","Phoenix, AZ, US","Technologie i usługi informatyczne Oprogramowanie komputerowe Sieci komputerowe","Electrical & Electronic Manufacturing Hospital & Health Care","Company Location","Engineering Information Technology","Inżynieria Technologie informatyczne","Początkujący","Varnar Inc","Associate","Java Full Stack developer- Apply now!","Full-time",
"Salina, KS, US","Pełny etat","Centreville, VA, US","Technologie i usługi informatyczne Systemy obronne i badanie kosmosu Oprogramowanie komputerowe","Electrical & Electronic Manufacturing Hospital & Health Care","Company Location","Engineering Information Technology","Inżynieria Technologie informatyczne","Początkujący","Riverside Research","Associate","Software Developer with Security Clearance- Apply now!","Full-time",
"Salina, KS, US","Pełny etat","Centreville, VA, US","Technologie i usługi informatyczne Systemy obronne i badanie kosmosu Oprogramowanie komputerowe","Electrical & Electronic Manufacturing Hospital & Health Care","Company Location","Engineering Information Technology","Inżynieria Technologie informatyczne","Początkujący","Riverside Research","Associate","Software Developer with Security Clearance- Apply now!","Full-time",
"Salina, KS, US","Pełny etat","Scottsdale, AZ, US","Technologie i usługi informatyczne Oprogramowanie komputerowe Usługi finansowe","Electrical & Electronic Manufacturing Hospital & Health Care","Company Location","Engineering Information Technology","Inżynieria Technologie informatyczne","Początkujący","UNICON International","Associate","Python Developer -26806- Apply now!","Full-time",
"Salina, KS, US","Pełny etat","Oakland, CA, US","Ubezpieczenia","Electrical & Electronic Manufacturing Hospital & Health Care","Company Location","Engineering Information Technology","Inne","Partner","Delta Dental Ins.","Associate","Lead Cybersecurity Solutions Engineer","Full-time",
"Salina, KS, US","Pełny etat","Orlando, Florida Area","Technologie i usługi informatyczne","Electrical & Electronic Manufacturing Hospital & Health Care","Company Location","Engineering Information Technology","Technologie informatyczne Inne","Kadra średniego szczebla","Ciber Global","Associate","Sr. Tools/ Platform Engineer","Full-time",
"Salina, KS, US","Pełny etat","Sunnyvale, CA, US","Elektronika użytkowa Rozrywka Środki masowego przekazu","Electrical & Electronic Manufacturing Hospital & Health Care","Company Location","Engineering Information Technology","Inżynieria Technologie informatyczne","Nie dotyczy","Dolby Laboratories","Associate","Sr.Research Engineer (Video Transmission and Compression)","Full-time",
"Salina, KS, US","Pełny etat","Herndon, VA, US","Usługi finansowe","Electrical & Electronic Manufacturing Hospital & Health Care","Company Location","Engineering Information Technology","Inżynieria Technologie informatyczne","Partner","Fannie Mae","Associate","Software Engineer III","Full-time",
"Salina, KS, US","Pełny etat","Denver, CO, US","Architektura i planowanie przestrzeni Projektowanie","Electrical & Electronic Manufacturing Hospital & Health Care","Company Location","Engineering Information Technology","Technologie informatyczne","Nie dotyczy","Gensler","Associate","Telecom Analyst","Full-time",
"Salina, KS, US","Zlecenie","San Diego, CA, US","Budownictwo Technologie i usługi informatyczne Systemy obronne i badanie kosmosu","Electrical & Electronic Manufacturing Hospital & Health Care","Company Location","Engineering Information Technology","Inżynieria Technologie informatyczne","Partner","Epsilon Systems Solutions, Inc.","Associate","Senior Software Engineer I (ISR&T)","Full-time",
"Salina, KS, US","Pełny etat","St. Louis, MO, US","Technologie i usługi informatyczne Oprogramowanie komputerowe Usługi finansowe","Electrical & Electronic Manufacturing Hospital & Health Care","Company Location","Engineering Information Technology","Inżynieria Technologie informatyczne","Początkujący","Wallero Technologies Inc","Associate","Full Stack Java Developer- Apply now!","Full-time",
"Salina, KS, US","Pełny etat","New York City, NY, US","Rynki kapitałowe Usługi finansowe Zarządzanie inwestycjami","Electrical & Electronic Manufacturing Hospital & Health Care","Company Location","Engineering Information Technology","Inżynieria Technologie informatyczne","Początkujący","Joseph Harry LTD","Associate","Python Developer Software Engineer AWS Trading Front Office Fixed Income JavaScript SQL Finance Buy Side Asset Management New York City NY","Full-time",
"Salina, KS, US","Pełny etat","Portland, OR, US","Usługi finansowe Usługi informatyczne Technologie i usługi informatyczne","Electrical & Electronic Manufacturing Hospital & Health Care","Company Location","Engineering Information Technology","Zarządzanie Produkcja","Nie dotyczy","TransUnion","Associate","Service Reliability Engineer (Tooling)","Full-time",
"Salina, KS, US","Pełny etat","New York City, NY, US","Gry komputerowe Oprogramowanie komputerowe Rozrywka","Electrical & Electronic Manufacturing Hospital & Health Care","Company Location","Engineering Information Technology","Badania Analityka Technologie informatyczne","Nie dotyczy","King","Associate","Research Analyst - Activision Blizzard Media","Full-time",
"Salina, KS, US","Pełny etat","Redmond, WA, US","Technologie i usługi informatyczne Oprogramowanie komputerowe Usługi finansowe","Electrical & Electronic Manufacturing Hospital & Health Care","Company Location","Engineering Information Technology","Inżynieria Technologie informatyczne","Początkujący","Torque Technologies","Associate","SSAS Developer (Multiple openings)- Apply now!","Full-time",
"Salina, KS, US","Pełny etat","Mountain View, CA, US","Technologie i usługi informatyczne Oprogramowanie komputerowe Telekomunikacja","Electrical & Electronic Manufacturing Hospital & Health Care","Company Location","Engineering Information Technology","Inżynieria Technologie informatyczne","Początkujący","GlobalEdge - Intelligence of Things","Associate","LTE/5G Protocol stack Developer- Apply now!","Full-time",
"Salina, KS, US","Pełny etat","Stilwell, KS, US","Marketing i reklama Praktyka prawna Usługi finansowe","Electrical & Electronic Manufacturing Hospital & Health Care","Company Location","Engineering Information Technology","Inżynieria Technologie informatyczne","Partner","PeoplePeopleUS","Associate","System Applications Architect","Full-time",
"Salina, KS, US","Pełny etat","Middletown, PA, US","Technologie i usługi informatyczne Oprogramowanie komputerowe Usługi finansowe","Electrical & Electronic Manufacturing Hospital & Health Care","Company Location","Engineering Information Technology","Inżynieria Technologie informatyczne","Początkujący","MBI","Associate","Hadoop Administrator -Middletown","Full-time",
"Salina, KS, US","Pełny etat","Reston, VA, US","Technologie i usługi informatyczne Systemy obronne i badanie kosmosu Oprogramowanie komputerowe","Electrical & Electronic Manufacturing Hospital & Health Care","Company Location","Engineering Information Technology","Inżynieria Technologie informatyczne","Partner","Operational Intelligence Ltd","Associate","Senior Programmer/Developer with Security Clearance- Apply now!","Full-time",
"Salina, KS, US","Pełny etat","Warren, MI, US","Technologie i usługi informatyczne Systemy obronne i badanie kosmosu Przemysł lotniczy i kosmiczny","Electrical & Electronic Manufacturing Hospital & Health Care","Company Location","Engineering Information Technology","Inżynieria Technologie informatyczne","Początkujący","JHNA","Associate","Maneuver Warfare CONOPS Developer with Security Clearance- Apply now!","Full-time",
"Salina, KS, US","Pełny etat","Warren, MI, US","Technologie i usługi informatyczne Systemy obronne i badanie kosmosu Przemysł lotniczy i kosmiczny","Electrical & Electronic Manufacturing Hospital & Health Care","Company Location","Engineering Information Technology","Inżynieria Technologie informatyczne","Początkujący","JHNA","Associate","Maneuver Warfare CONOPS Developer with Security Clearance- Apply now!","Full-time",
"Salina, KS, US","Pełny etat","Suitland, MD, US","Technologie i usługi informatyczne Usługi finansowe Księgowość","Electrical & Electronic Manufacturing Hospital & Health Care","Company Location","Engineering Information Technology","Inżynieria Technologie informatyczne","Początkujący","Rapport IT Services LLC","Associate","Senior Tools Developer- Apply now!","Full-time",
"Salina, KS, US","Pełny etat","Charlotte, NC, US","Technologie i usługi informatyczne Oprogramowanie komputerowe Bezpieczeństwo komputerów i sieci","Electrical & Electronic Manufacturing Hospital & Health Care","Company Location","Engineering Information Technology","Inżynieria Technologie informatyczne","Początkujący","The IT Professionals Group Inc.","Associate",".Net Full Stack Developer- Apply now!","Full-time",
"Salina, KS, US","Pełny etat","Charlotte, NC, US","Technologie i usługi informatyczne Oprogramowanie komputerowe Bezpieczeństwo komputerów i sieci","Electrical & Electronic Manufacturing Hospital & Health Care","Company Location","Engineering Information Technology","Inżynieria Technologie informatyczne","Początkujący","The IT Professionals Group Inc.","Associate",".Net Full Stack Developer- Apply now!","Full-time",
"Salina, KS, US","Pełny etat","Danville, PA, US","Technologie i usługi informatyczne Oprogramowanie komputerowe Usługi finansowe","Electrical & Electronic Manufacturing Hospital & Health Care","Company Location","Engineering Information Technology","Inżynieria Technologie informatyczne","Początkujący","Technet AS","Associate","Facets Extension Developer- Apply now!","Full-time",
"Salina, KS, US","Pełny etat","Colorado Springs, CO, US","Technologie i usługi informatyczne Systemy obronne i badanie kosmosu Oprogramowanie komputerowe","Electrical & Electronic Manufacturing Hospital & Health Care","Company Location","Engineering Information Technology","Wykształcenie Szkolenia","Staż","Davidson Technologies Inc.","Associate","Software Engineer Intern (Technical) with Security Clearance- Apply now!","Full-time",
"Salina, KS, US","Pełny etat","Colorado Springs, CO, US","Technologie i usługi informatyczne Systemy obronne i badanie kosmosu Oprogramowanie komputerowe","Electrical & Electronic Manufacturing Hospital & Health Care","Company Location","Engineering Information Technology","Wykształcenie Szkolenia","Staż","Davidson Technologies Inc.","Associate","Software Engineer Intern (Technical) with Security Clearance- Apply now!","Full-time",
"Salina, KS, US","Pełny etat","Chantilly, VA, US","Technologie i usługi informatyczne Systemy obronne i badanie kosmosu Oprogramowanie komputerowe","Electrical & Electronic Manufacturing Hospital & Health Care","Company Location","Engineering Information Technology","Inżynieria Technologie informatyczne","Początkujący","Intelligence Consulting Enterprise Solutions, Inc. (ICES)","Associate","Jr. Systems Architect 2019-S-102 with Security Clearance- Apply now!","Full-time",
"Salina, KS, US","Pełny etat","Central, ID, US","Telekomunikacja Biotechnologia Technologie i usługi informatyczne","Electrical & Electronic Manufacturing Hospital & Health Care","Company Location","Engineering Information Technology","Technologie informatyczne","Partner","Michael Page","Associate","Senior Data Engineer & Scientist - Agritech Startup","Full-time",
"Salina, KS, US","Pełny etat","Central, ID, US","Telekomunikacja Biotechnologia Technologie i usługi informatyczne","Electrical & Electronic Manufacturing Hospital & Health Care","Company Location","Engineering Information Technology","Technologie informatyczne","Partner","Michael Page","Associate","Senior Data Engineer & Scientist - Agritech Startup","Full-time",
"Salina, KS, US","Pełny etat","Middletown, PA, US","Technologie i usługi informatyczne Oprogramowanie komputerowe Usługi finansowe","Electrical & Electronic Manufacturing Hospital & Health Care","Company Location","Engineering Information Technology","Inżynieria Technologie informatyczne","Początkujący","Saibber","Associate","Hadoop Administrator -Middletown","Full-time",
"Salina, KS, US","Pełny etat","Houston, TX, US","Technologie i usługi informatyczne Oprogramowanie komputerowe Usługi finansowe","Electrical & Electronic Manufacturing Hospital & Health Care","Company Location","Engineering Information Technology","Rozwój przedsiębiorstwa Sprzedaż","Początkujący","enableIT","Associate","Power BI Engineer","Full-time",
"Salina, KS, US","Pełny etat","Houston, TX, US","Technologie i usługi informatyczne Oprogramowanie komputerowe Usługi finansowe","Electrical & Electronic Manufacturing Hospital & Health Care","Company Location","Engineering Information Technology","Rozwój przedsiębiorstwa Sprzedaż","Początkujący","enableIT","Associate","Power BI Engineer","Full-time",
"Salina, KS, US","Pełny etat","Dallas, TX, US","Technologie i usługi informatyczne Oprogramowanie komputerowe Usługi finansowe","Electrical & Electronic Manufacturing Hospital & Health Care","Company Location","Engineering Information Technology","Inżynieria Technologie informatyczne","Partner","BizTech Solutions","Associate","Azure with Technical Architect / Technical Lead /Senior Developer- Apply now!","Full-time",
"Salina, KS, US","Pełny etat","Denver, CO, US","Technologie i usługi informatyczne Oprogramowanie komputerowe Internet","Electrical & Electronic Manufacturing Hospital & Health Care","Company Location","Engineering Information Technology","Inżynieria Technologie informatyczne","Partner","EnMotive","Associate","Sr. Web Software Developer- Apply now!","Full-time",
"Salina, KS, US","Pełny etat","Denver, CO, US","Technologie i usługi informatyczne Oprogramowanie komputerowe Internet","Electrical & Electronic Manufacturing Hospital & Health Care","Company Location","Engineering Information Technology","Inżynieria Technologie informatyczne","Partner","EnMotive","Associate","Sr. Web Software Developer- Apply now!","Full-time",
"Salina, KS, US","Pełny etat","Chicago, Illinois, United States","Technologie i usługi informatyczne","Electrical & Electronic Manufacturing Hospital & Health Care","Company Location","Engineering Information Technology","Technologie informatyczne","Kadra średniego szczebla","Connect Search, LLC","Associate","Senior Data Warehouse Developer","Full-time",
"Salina, KS, US","Pełny etat","Palo Alto, California, United States","Bankowość Usługi finansowe Oprogramowanie komputerowe","Electrical & Electronic Manufacturing Hospital & Health Care","Company Location","Engineering Information Technology","Inżynieria Technologie informatyczne Finanse","Partner","East West Bank","Associate","Product Manager - Mobile Banking App","Full-time",
"Salina, KS, US","Pełny etat","Nashville, TN, US","Technologie i usługi informatyczne Oprogramowanie komputerowe Usługi finansowe","Electrical & Electronic Manufacturing Hospital & Health Care","Company Location","Engineering Information Technology","Inżynieria Technologie informatyczne","Partner","AllianceBernstein","Associate","Senior Developer - Development Manager","Full-time",
"Salina, KS, US","Staż","Bethesda, MD, US","Public Relations i komunikacja Zarządzanie działalnością non-profit Produkcja dla mediów","Electrical & Electronic Manufacturing Hospital & Health Care","Company Location","Engineering Information Technology","Inżynieria Technologie informatyczne","Początkujący","The Hatcher Group","Associate","UI/UX Design Intern","Full-time",
"Salina, KS, US","Pełny etat","New York City, NY, US","Technologie i usługi informatyczne Oprogramowanie komputerowe Sieci komputerowe","Electrical & Electronic Manufacturing Hospital & Health Care","Company Location","Engineering Information Technology","Zarządzanie Produkcja","Początkujący","Matchpointe Group","Associate","Back-End (Server) Side Java Developer- Apply now!","Full-time",
"Salina, KS, US","Pełny etat","Philadelphia, PA, US","Technologie i usługi informatyczne Konsulting – zarządzanie Usługi finansowe","Electrical & Electronic Manufacturing Hospital & Health Care","Company Location","Engineering Information Technology","Rozwój przedsiębiorstwa Sprzedaż","Początkujący","Affusion Consulting","Associate","ETL Developer","Full-time",
"Salina, KS, US","Zlecenie","Richmond, VA, US","Technologie i usługi informatyczne Oprogramowanie komputerowe Usługi informatyczne","Electrical & Electronic Manufacturing Hospital & Health Care","Company Location","Engineering Information Technology","Inżynieria Technologie informatyczne","Początkujący","iSolvers Inc","Associate","Mulesoft Developer- Apply now!","Full-time",
"Salina, KS, US","Pełny etat","Dulles Town Center, VA, US","Technologie i usługi informatyczne Systemy obronne i badanie kosmosu Oprogramowanie komputerowe","Electrical & Electronic Manufacturing Hospital & Health Care","Company Location","Engineering Information Technology","Inżynieria Technologie informatyczne","Początkujący","Technica Corporation","Associate","Software Developer, Staff with Security Clearance- Apply now!","Full-time",
"Salina, KS, US","Pełny etat","Dulles Town Center, VA, US","Technologie i usługi informatyczne Systemy obronne i badanie kosmosu Oprogramowanie komputerowe","Electrical & Electronic Manufacturing Hospital & Health Care","Company Location","Engineering Information Technology","Inżynieria Technologie informatyczne","Początkujący","Technica Corporation","Associate","Software Developer, Staff with Security Clearance- Apply now!","Full-time",
"Salina, KS, US","Pełny etat","Santa Clara, CA, US","Technologie i usługi informatyczne Oprogramowanie komputerowe Kadry i rekrutacja","Electrical & Electronic Manufacturing Hospital & Health Care","Company Location","Engineering Information Technology","Inżynieria Technologie informatyczne","Partner","InterSources Inc - SBA Certified,Minority Owned & Women Owned Enterprise.","Associate","Sr. Big Data Engineer / Lead","Full-time",
"Salina, KS, US","Pełny etat","San Antonio, TX, US","Chemia Ropa naftowa i energia","Electrical & Electronic Manufacturing Hospital & Health Care","Company Location","Engineering Information Technology","Technologie informatyczne","Początkujący","Valero Energy Corporation","Associate","Database Administration Specialist","Full-time",
"Salina, KS, US","Pełny etat","San Antonio, TX, US","Chemia Ropa naftowa i energia","Electrical & Electronic Manufacturing Hospital & Health Care","Company Location","Engineering Information Technology","Technologie informatyczne","Początkujący","Valero Energy Corporation","Associate","Database Administration Specialist","Full-time",
"Salina, KS, US","Pełny etat","Groton, CT, US","Technologie i usługi informatyczne Oprogramowanie komputerowe Kadry i rekrutacja","Electrical & Electronic Manufacturing Hospital & Health Care","Company Location","Engineering Information Technology","Inżynieria Technologie informatyczne","Partner","Zaspar Technologies","Associate","Scrum Master -Groton","Full-time",
"Salina, KS, US","Pełny etat","Glenside, PA, US","Zarządzanie działalnością non-profit Szkolnictwo wyższe Zarządzanie edukacją","Electrical & Electronic Manufacturing Hospital & Health Care","Company Location","Engineering Information Technology","Inżynieria Technologie informatyczne","Początkujący","Arcadia University","Associate","Programmer Analyst","Full-time",
"Salina, KS, US","Pełny etat","Glenside, PA, US","Zarządzanie działalnością non-profit Szkolnictwo wyższe Zarządzanie edukacją","Electrical & Electronic Manufacturing Hospital & Health Care","Company Location","Engineering Information Technology","Inżynieria Technologie informatyczne","Początkujący","Arcadia University","Associate","Programmer Analyst","Full-time",
"Salina, KS, US","Pełny etat","Charlotte, NC, US","Technologie i usługi informatyczne Oprogramowanie komputerowe Usługi finansowe","Electrical & Electronic Manufacturing Hospital & Health Care","Company Location","Engineering Information Technology","Technologie informatyczne","Początkujący","GAVS Technologies Praca zdalna","Associate","UX Mobile App developer - Wireframe design & prototyping (Remote / Virtual) -Charlotte","Full-time",
"Salina, KS, US","Pełny etat","Chantilly, VA, US","Technologie i usługi informatyczne Oprogramowanie komputerowe Usługi finansowe","Electrical & Electronic Manufacturing Hospital & Health Care","Company Location","Engineering Information Technology","Inżynieria Technologie informatyczne","Początkujący","Graham Technologies","Associate","Web Developer/UX Engineer with Security Clearance- Apply now!","Full-time",
"Salina, KS, US","Pełny etat","Chantilly, VA, US","Technologie i usługi informatyczne Oprogramowanie komputerowe Usługi finansowe","Electrical & Electronic Manufacturing Hospital & Health Care","Company Location","Engineering Information Technology","Inżynieria Technologie informatyczne","Początkujący","Graham Technologies","Associate","Web Developer/UX Engineer with Security Clearance- Apply now!","Full-time",
"Salina, KS, US","Pełny etat","Phoenix, AZ, US","Technologie i usługi informatyczne Oprogramowanie komputerowe Usługi finansowe","Electrical & Electronic Manufacturing Hospital & Health Care","Company Location","Engineering Information Technology","Inżynieria Technologie informatyczne","Początkujący","Saligram Systems Inc","Associate","UI React Engineer","Full-time",
"Salina, KS, US","Pełny etat","Richardson, TX, US","Technologie i usługi informatyczne Oprogramowanie komputerowe Usługi finansowe","Electrical & Electronic Manufacturing Hospital & Health Care","Company Location","Engineering Information Technology","Rozwój przedsiębiorstwa Sprzedaż","Partner","Bravo Technical Resources","Associate","Power BI Developer -Richardson","Full-time",
"Salina, KS, US","Pełny etat","Richardson, TX, US","Technologie i usługi informatyczne Oprogramowanie komputerowe Usługi finansowe","Electrical & Electronic Manufacturing Hospital & Health Care","Company Location","Engineering Information Technology","Rozwój przedsiębiorstwa Sprzedaż","Partner","Bravo Technical Resources","Associate","Power BI Developer -Richardson","Full-time",
"Salina, KS, US","Pełny etat","Philadelphia, PA, US","Technologie i usługi informatyczne Oprogramowanie komputerowe Kadry i rekrutacja","Electrical & Electronic Manufacturing Hospital & Health Care","Company Location","Engineering Information Technology","Inżynieria Technologie informatyczne","Początkujący","Lorvin Technologies Inc","Associate","Java Full Slack Developer- Apply now!","Full-time",
"Salina, KS, US","Pełny etat","St. Louis, MO, US","Technologie i usługi informatyczne Oprogramowanie komputerowe Usługi informatyczne","Electrical & Electronic Manufacturing Hospital & Health Care","Company Location","Engineering Information Technology","Inżynieria Technologie informatyczne","Początkujący","Timberline Co","Associate","Java / J2EE Developer","Full-time",
"Salina, KS, US","Pełny etat","St. Louis, MO, US","Technologie i usługi informatyczne Oprogramowanie komputerowe Usługi informatyczne","Electrical & Electronic Manufacturing Hospital & Health Care","Company Location","Engineering Information Technology","Inżynieria Technologie informatyczne","Początkujący","Timberline Co","Associate","Java / J2EE Developer","Full-time",
"Salina, KS, US","Pełny etat","New York City, NY, US","Technologie i usługi informatyczne Oprogramowanie komputerowe Usługi finansowe","Electrical & Electronic Manufacturing Hospital & Health Care","Company Location","Engineering Information Technology","Technologie informatyczne","Partner","Lighthouse","Associate","Senior Solutions Analyst (east coast)","Full-time",
"Salina, KS, US","Pełny etat","Nashville, TN, US","Technologie i usługi informatyczne Oprogramowanie komputerowe Usługi finansowe","Electrical & Electronic Manufacturing Hospital & Health Care","Company Location","Engineering Information Technology","Inżynieria Technologie informatyczne","Partner","AllianceBernstein","Associate","Senior Developer - Development Manager","Full-time",
"Salina, KS, US","Pełny etat","Detroit, Michigan, United States","Technologie i usługi informatyczne","Electrical & Electronic Manufacturing Hospital & Health Care","Company Location","Engineering Information Technology","Technologie informatyczne","Kadra średniego szczebla","Technosoft Corp.","Associate","Java Architect","Full-time",
"Salina, KS, US","Pełny etat","Miami, FL, US","Technologie i usługi informatyczne Oprogramowanie komputerowe Usługi finansowe","Electrical & Electronic Manufacturing Hospital & Health Care","Company Location","Engineering Information Technology","Zarządzanie produktami Marketing","Dyrektor","Paylocity","Associate","Director, Product and Technology, Data Engineering (Remote)","Full-time",
"Salina, KS, US","Pełny etat","Windsor, CT, US","Produkcja urządzeń elektrycznych i elektronicznych","Electrical & Electronic Manufacturing Hospital & Health Care","Company Location","Engineering Information Technology","Inżynieria Technologie informatyczne","Kadra średniego szczebla","ABB","Associate","Senior Protection and Control Engineer","Full-time",
"Salina, KS, US","Pełny etat","New York, United States","Oprogramowanie komputerowe Technologie i usługi informatyczne Marketing i reklama","Electrical & Electronic Manufacturing Hospital & Health Care","Company Location","Engineering Information Technology","Obsługa klienta Technologie informatyczne Sprzedaż","Kadra średniego szczebla","Finlay James","Associate","Customer Success Manager","Full-time",
"Salina, KS, US","Pełny etat","Lorton, VA, US","Technologie i usługi informatyczne Systemy obronne i badanie kosmosu Bezpieczeństwo komputerów i sieci","Electrical & Electronic Manufacturing Hospital & Health Care","Company Location","Engineering Information Technology","Inne","Początkujący","IOMAXIS","Associate","Penetration Testers / Red Team Operators--","Full-time",
"Salina, KS, US","Pełny etat","Tempe, AZ, US","Technologie i usługi informatyczne Oprogramowanie komputerowe Internet","Electrical & Electronic Manufacturing Hospital & Health Care","Company Location","Engineering Information Technology","Inżynieria Technologie informatyczne","Początkujący","Digerati Systems Inc.","Associate","UI Developer / Front End Developer (Angular 8)- Apply now!","Full-time",
"Salina, KS, US","Pełny etat","Herndon, VA, US","Produkcja urządzeń elektrycznych i elektronicznych Systemy obronne i badanie kosmosu Przemysł lotniczy i kosmiczny","Electrical & Electronic Manufacturing Hospital & Health Care","Company Location","Engineering Information Technology","Inżynieria Technologie informatyczne","Początkujący","Airbus Group Inc.","Associate","Propulsion Systems Engineer","Full-time",
"Salina, KS, US","Pełny etat","Hillsboro, OR, US","Technologie i usługi informatyczne Oprogramowanie komputerowe Usługi finansowe","Electrical & Electronic Manufacturing Hospital & Health Care","Company Location","Engineering Information Technology","Inżynieria Technologie informatyczne","Początkujący","SYSTEL","Associate","Full stack developer /UI developer- Apply now!","Full-time",
"Salina, KS, US","Pełny etat","Nashville, TN, US","Technologie i usługi informatyczne Oprogramowanie komputerowe Usługi finansowe","Electrical & Electronic Manufacturing Hospital & Health Care","Company Location","Engineering Information Technology","Inżynieria Technologie informatyczne","Partner","Pegasys Information Technologies","Associate","Sr.Service Now Developer- Apply now!","Full-time",
"Salina, KS, US","Pełny etat","Nashville, TN, US","Technologie i usługi informatyczne Oprogramowanie komputerowe Usługi finansowe","Electrical & Electronic Manufacturing Hospital & Health Care","Company Location","Engineering Information Technology","Inżynieria Technologie informatyczne","Partner","Pegasys Information Technologies","Associate","Sr.Service Now Developer- Apply now!","Full-time",
"Salina, KS, US","Pełny etat","Laurel, MD, US","Technologie i usługi informatyczne Oprogramowanie komputerowe Bezpieczeństwo komputerów i sieci","Electrical & Electronic Manufacturing Hospital & Health Care","Company Location","Engineering Information Technology","Inżynieria Technologie informatyczne","Początkujący","Bridges","Associate","Junior Software Engineer with Security Clearance- Apply now!","Full-time",
"Salina, KS, US","Pełny etat","Brooklyn, NY, US","Technologie i usługi informatyczne Oprogramowanie komputerowe Kadry i rekrutacja","Electrical & Electronic Manufacturing Hospital & Health Care","Company Location","Engineering Information Technology","Inżynieria Technologie informatyczne","Początkujący","Ardent Technologies Inc","Associate","Microsoft CRM Developer -Brooklyn Heights","Full-time",
"Salina, KS, US","Pełny etat","Brooklyn, NY, US","Technologie i usługi informatyczne Oprogramowanie komputerowe Kadry i rekrutacja","Electrical & Electronic Manufacturing Hospital & Health Care","Company Location","Engineering Information Technology","Inżynieria Technologie informatyczne","Początkujący","Ardent Technologies Inc","Associate","Microsoft CRM Developer -Brooklyn Heights","Full-time",
"Salina, KS, US","Pełny etat","Brooklyn, NY, US","Technologie i usługi informatyczne Oprogramowanie komputerowe Usługi finansowe","Electrical & Electronic Manufacturing Hospital & Health Care","Company Location","Engineering Information Technology","Technologie informatyczne","Początkujący","Tech Valley Talent","Associate","Systems Engineer","Full-time",
"Salina, KS, US","Pełny etat","Montpelier, VT, US","Zarządzanie działalnością non-profit Administracja rządowa Szpitale i opieka zdrowotna","Electrical & Electronic Manufacturing Hospital & Health Care","Company Location","Engineering Information Technology","Technologie informatyczne","Partner","State of Vermont","Associate","Database Administrator IV","Full-time",
"Salina, KS, US","Pełny etat","Montpelier, VT, US","Zarządzanie działalnością non-profit Administracja rządowa Szpitale i opieka zdrowotna","Electrical & Electronic Manufacturing Hospital & Health Care","Company Location","Engineering Information Technology","Technologie informatyczne","Partner","State of Vermont","Associate","Database Administrator IV","Full-time",
"Salina, KS, US","Pełny etat","Bondville, IL, US","Kadry i rekrutacja Ochrona i dochodzenia HR","Electrical & Electronic Manufacturing Hospital & Health Care","Company Location","Engineering Information Technology","Technologie informatyczne","Początkujący","FE Moran Security Solutions","Associate","Systems Engineer","Full-time",
"Salina, KS, US","Pełny etat","New York City, NY, US","Technologie i usługi informatyczne Oprogramowanie komputerowe Konsulting – zarządzanie","Electrical & Electronic Manufacturing Hospital & Health Care","Company Location","Engineering Information Technology","Inne","Partner","Rishabh Software","Associate","Data Scientist - ML Fraud Analytics - Sr. Manager -New York Mclean","Full-time",
"Salina, KS, US","Pełny etat","New York City, NY, US","Technologie i usługi informatyczne Oprogramowanie komputerowe Konsulting – zarządzanie","Electrical & Electronic Manufacturing Hospital & Health Care","Company Location","Engineering Information Technology","Inne","Partner","Rishabh Software","Associate","Data Scientist - ML Fraud Analytics - Sr. Manager -New York Mclean","Full-time",
"Salina, KS, US","Pełny etat","Irving, TX, US","Technologie i usługi informatyczne Oprogramowanie komputerowe Konsulting – zarządzanie","Electrical & Electronic Manufacturing Hospital & Health Care","Company Location","Engineering Information Technology","Inżynieria Technologie informatyczne","Początkujący","Amazech Solutions","Associate","Workday Developer- Apply now!","Full-time",
"Salina, KS, US","Pełny etat","Irving, TX, US","Technologie i usługi informatyczne Oprogramowanie komputerowe Konsulting – zarządzanie","Electrical & Electronic Manufacturing Hospital & Health Care","Company Location","Engineering Information Technology","Inżynieria Technologie informatyczne","Początkujący","Amazech Solutions","Associate","Workday Developer- Apply now!","Full-time",
"Salina, KS, US","Pełny etat","Woodcliff Lake, NJ, US","Technologie i usługi informatyczne Oprogramowanie komputerowe Sieci komputerowe","Electrical & Electronic Manufacturing Hospital & Health Care","Company Location","Engineering Information Technology","Inżynieria Technologie informatyczne","Początkujący","Inspiration Global","Associate","App Engineer","Full-time",
"Salina, KS, US","Pełny etat","Raleigh, NC, US","Technologie i usługi informatyczne Oprogramowanie komputerowe Usługi finansowe","Electrical & Electronic Manufacturing Hospital & Health Care","Company Location","Engineering Information Technology","Kontrola jakości","Początkujący","eSystems, Inc.","Associate","Developer/Automation Tester- Apply now!","Full-time",
"Salina, KS, US","Pełny etat","Raleigh, NC, US","Technologie i usługi informatyczne Oprogramowanie komputerowe Usługi finansowe","Electrical & Electronic Manufacturing Hospital & Health Care","Company Location","Engineering Information Technology","Kontrola jakości","Początkujący","eSystems, Inc.","Associate","Developer/Automation Tester- Apply now!","Full-time",
"Salina, KS, US","Pełny etat","Arlington, VA, US","Technologie i usługi informatyczne","Electrical & Electronic Manufacturing Hospital & Health Care","Company Location","Engineering Information Technology","Inżynieria Technologie informatyczne","Nie dotyczy","Planned Systems International","Associate","Drupal Developer","Full-time",
"Salina, KS, US","Pełny etat","Charlotte, NC, US","Technologie i usługi informatyczne Oprogramowanie komputerowe Usługi finansowe","Electrical & Electronic Manufacturing Hospital & Health Care","Company Location","Engineering Information Technology","Inżynieria Technologie informatyczne","Początkujący","Executive Technocrats Inc Praca zdalna","Associate","Data Scientist (Remote Role) -Charlotte","Full-time",
"Salina, KS, US","Pełny etat","New York, United States","Oprogramowanie komputerowe Technologie i usługi informatyczne Marketing i reklama","Electrical & Electronic Manufacturing Hospital & Health Care","Company Location","Engineering Information Technology","Obsługa klienta Technologie informatyczne Sprzedaż","Kadra średniego szczebla","Finlay James","Associate","Customer Success Manager","Full-time",
"Salina, KS, US","Pełny etat","Morrisville, NC, US","Oprogramowanie komputerowe Marketing i reklama Media internetowe","Electrical & Electronic Manufacturing Hospital & Health Care","Company Location","Engineering Information Technology","Wykształcenie Szkolenia","Staż","Valassis","Associate","Visual Design Intern","Full-time",
"Salina, KS, US","Pełny etat","Davenport, IA, US","Technologie i usługi informatyczne Oprogramowanie komputerowe Internet","Electrical & Electronic Manufacturing Hospital & Health Care","Company Location","Engineering Information Technology","Inne","Początkujący","E2open","Associate","Customer Success Engineer","Full-time",
"Salina, KS, US","Pełny etat","Macon, GA, US","Produkcja urządzeń elektrycznych i elektronicznych Oprogramowanie komputerowe Inżynieria mechaniczna lub przemysłowa","Electrical & Electronic Manufacturing Hospital & Health Care","Company Location","Engineering Information Technology","Technologie informatyczne","Początkujący","Active Minerals International","Associate","Database Developer- Apply now!","Full-time",
"Salina, KS, US","Pełny etat","Milwaukee, WI, US","Technologie i usługi informatyczne Oprogramowanie komputerowe Kadry i rekrutacja","Electrical & Electronic Manufacturing Hospital & Health Care","Company Location","Engineering Information Technology","Kontrola jakości","Początkujący","Bayforce","Associate","QA Engineer- Test Automation","Full-time",
"Salina, KS, US","Pełny etat","Charlotte, NC, US","Technologie i usługi informatyczne Oprogramowanie komputerowe Usługi finansowe","Electrical & Electronic Manufacturing Hospital & Health Care","Company Location","Engineering Information Technology","Inne","Początkujący","TestingXperts","Associate","Devops engineer","Full-time",
"Salina, KS, US","Pełny etat","Oklahoma City, OK, US","Technologie i usługi informatyczne Oprogramowanie komputerowe Usługi finansowe","Electrical & Electronic Manufacturing Hospital & Health Care","Company Location","Engineering Information Technology","Inne","Początkujący","Linkpro Technologies","Associate","Salesforce developer -Oklahoma City","Full-time",
"Salina, KS, US","Pełny etat","Oklahoma City, OK, US","Technologie i usługi informatyczne Oprogramowanie komputerowe Usługi finansowe","Electrical & Electronic Manufacturing Hospital & Health Care","Company Location","Engineering Information Technology","Inne","Początkujący","Linkpro Technologies","Associate","Salesforce developer -Oklahoma City","Full-time",
"Salina, KS, US","Pełny etat","Pendleton, OR, US","Technologie i usługi informatyczne Oprogramowanie komputerowe Usługi finansowe","Electrical & Electronic Manufacturing Hospital & Health Care","Company Location","Engineering Information Technology","Inżynieria Technologie informatyczne","Początkujący","Cayuse Technologies, LLC","Associate","Tester - Level 3 - Pendelton, OR","Full-time",
"Salina, KS, US","Pełny etat","Philadelphia, PA, US","Technologie i usługi informatyczne Oprogramowanie komputerowe Usługi finansowe","Electrical & Electronic Manufacturing Hospital & Health Care","Company Location","Engineering Information Technology","Inżynieria Technologie informatyczne","Początkujący","DKMRBH Inc","Associate","Java Developers w/Freeswitch- Apply now!","Full-time",
"Salina, KS, US","Pełny etat","Philadelphia, PA, US","Technologie i usługi informatyczne Oprogramowanie komputerowe Usługi finansowe","Electrical & Electronic Manufacturing Hospital & Health Care","Company Location","Engineering Information Technology","Inżynieria Technologie informatyczne","Początkujący","DKMRBH Inc","Associate","Java Developers w/Freeswitch- Apply now!","Full-time",
"Salina, KS, US","Pełny etat","Windsor, CT, US","Technologie i usługi informatyczne Oprogramowanie komputerowe Bezpieczeństwo komputerów i sieci","Electrical & Electronic Manufacturing Hospital & Health Care","Company Location","Engineering Information Technology","Inżynieria Technologie informatyczne","Początkujący","OMM","Associate","Pega Developer- Apply now!","Full-time",
"Salina, KS, US","Pełny etat","Washington, D.C., DC, US","Technologie i usługi informatyczne Oprogramowanie komputerowe Usługi finansowe","Electrical & Electronic Manufacturing Hospital & Health Care","Company Location","Engineering Information Technology","Inżynieria Technologie informatyczne","Początkujący","Gemini Consulting","Associate","Java AWS Develoepr -Washington D.C.","Full-time",
"Salina, KS, US","Pełny etat","Washington, D.C., DC, US","Technologie i usługi informatyczne Oprogramowanie komputerowe Usługi finansowe","Electrical & Electronic Manufacturing Hospital & Health Care","Company Location","Engineering Information Technology","Inżynieria Technologie informatyczne","Początkujący","Gemini Consulting","Associate","Java AWS Develoepr -Washington D.C.","Full-time",
"Salina, KS, US","Zlecenie","Blacksburg, VA, US","Technologie i usługi informatyczne Oprogramowanie komputerowe Bezpieczeństwo komputerów i sieci","Electrical & Electronic Manufacturing Hospital & Health Care","Company Location","Engineering Information Technology","Inżynieria Technologie informatyczne","Początkujący","1901 Group","Associate","Jr. ServiceNow Developer with Security Clearance- Apply now!","Full-time",
"Salina, KS, US","Pełny etat","New York City, NY, US","Zarządzanie działalnością non-profit Logistyka i łańcuch dostaw Transport, transport samochodowy, transport kolejowy","Electrical & Electronic Manufacturing Hospital & Health Care","Company Location","Engineering Information Technology","Zarządzanie Produkcja","Początkujący","Cadogan Tate Fine Art","Associate","Warehouse Associate","Full-time",
"Salina, KS, US","Pełny etat","New York City, NY, US","Zarządzanie działalnością non-profit Logistyka i łańcuch dostaw Transport, transport samochodowy, transport kolejowy","Electrical & Electronic Manufacturing Hospital & Health Care","Company Location","Engineering Information Technology","Zarządzanie Produkcja","Początkujący","Cadogan Tate Fine Art","Associate","Warehouse Associate","Full-time",
"Salina, KS, US","Pełny etat","Indianapolis, IN, US","Marketing i reklama Kadry i rekrutacja Usługi finansowe","Electrical & Electronic Manufacturing Hospital & Health Care","Company Location","Engineering Information Technology","Technologie informatyczne","Partner","Corteva Agriscience","Associate","Information Risk Management Consultant","Full-time",
"Salina, KS, US","Pełny etat","Chicago, IL, US","Usługi finansowe","Electrical & Electronic Manufacturing Hospital & Health Care","Company Location","Engineering Information Technology","Rozwój przedsiębiorstwa Sprzedaż","Początkujący","Alliant Credit Union","Associate","Data Modeler","Full-time",
"Salina, KS, US","Pełny etat","Chicago, IL, US","Usługi finansowe","Electrical & Electronic Manufacturing Hospital & Health Care","Company Location","Engineering Information Technology","Rozwój przedsiębiorstwa Sprzedaż","Początkujący","Alliant Credit Union","Associate","Data Modeler","Full-time",
"Salina, KS, US","Pełny etat","Pittsburgh, PA, US","Marketing i reklama Technologie i usługi informatyczne Oprogramowanie komputerowe","Electrical & Electronic Manufacturing Hospital & Health Care","Company Location","Engineering Information Technology","Technologie informatyczne","Partner","Industry Weapon","Associate","Systems Administrator","Full-time",
"Salina, KS, US","Zlecenie","Harrisburg, PA, US","Technologie i usługi informatyczne Oprogramowanie komputerowe Kadry i rekrutacja","Electrical & Electronic Manufacturing Hospital & Health Care","Company Location","Engineering Information Technology","Technologie informatyczne","Początkujący","HonorVet Technologies","Associate","GIS Developer- Apply now!","Full-time",
"Salina, KS, US","Zlecenie","Harrisburg, PA, US","Technologie i usługi informatyczne Oprogramowanie komputerowe Kadry i rekrutacja","Electrical & Electronic Manufacturing Hospital & Health Care","Company Location","Engineering Information Technology","Technologie informatyczne","Początkujący","HonorVet Technologies","Associate","GIS Developer- Apply now!","Full-time",
"Salina, KS, US","Pełny etat","McLean, VA, US","Technologie i usługi informatyczne Oprogramowanie komputerowe Usługi finansowe","Electrical & Electronic Manufacturing Hospital & Health Care","Company Location","Engineering Information Technology","Inżynieria Technologie informatyczne","Początkujący","SNI Technology","Associate","Java Developer (AWS / EMR) | McLean, VA","Full-time",
"Salina, KS, US","Pełny etat","Lansing, MI, US","Technologie i usługi informatyczne Oprogramowanie komputerowe Usługi finansowe","Electrical & Electronic Manufacturing Hospital & Health Care","Company Location","Engineering Information Technology","Technologie informatyczne","Początkujący","innoSoul, Inc.","Associate",".Net/SQL Developer- Apply now!","Full-time",
